ticker,successful_models,mean_accuracy,mean_f1,buy_hold_cagr,mean_dynamic_cagr,mean_dynamic_minus_buy_hold_cagr,buy_hold_max_drawdown,mean_dynamic_max_drawdown,mean_dynamic_drawdown_improvement,mean_dynamic_average_exposure
AAPL,2,0.5051020408163265,0.5316945645346044,0.1929964513302347,0.07982225516759114,-0.11317419616264354,-0.3336051175256473,-0.1612446557607206,0.1723604617649267,0.479433692893401
DBC,2,0.4892747701736466,0.4836753129436056,0.0897548270787358,0.0242476682194865,-0.0655071588592493,-0.1654200753199471,-0.11296628844708315,0.05245378687286395,0.33691406249999994
EEM,2,0.49233912155260473,0.547530338382529,0.1711904945803026,0.0746932293926593,-0.09649726518764332,-0.1729243111083565,-0.1017982167830569,0.0711260943252996,0.5084873602642276
EFA,2,0.5020429009193054,0.5148917615979559,0.1933150623109112,0.0799311740178847,-0.1133838882930265,-0.1405348400172884,-0.08744178938272676,0.053093050634561635,0.5529090447154472
GLD,2,0.47293156281920323,0.4442139393023479,0.2666516930487927,0.12733289653634844,-0.13931879651244428,-0.2640451796416038,-0.1567489459684148,0.107296233673189,0.5072726117886179
HYG,2,0.5311542390194075,0.6223695466210437,0.0759344371657724,0.04115323495389505,-0.03478120221187735,-0.0645710123039008,-0.036995104685054306,0.027575907618846502,0.6303433053861789
IEF,2,0.47293156281920323,0.3285426992768343,0.0149528466080852,-0.00335388478942175,-0.01830673139750695,-0.101582061054215,-0.04821306453004325,0.05336899652417174,0.38767149390243905
IWM,2,0.49540347293156284,0.514523534779523,0.1513296561538522,0.033351975542815146,-0.11797768061103704,-0.2750308477536997,-0.15924105979060235,0.11578978796309733,0.459667174796748
LQD,2,0.482635342185904,0.45150666422710445,0.0383670812660552,0.0119596916398826,-0.026407389626172603,-0.0966007972596224,-0.03754501767358445,0.05905577958603794,0.5033981199186992
MSFT,2,0.5229591836734694,0.580181245074862,0.1960554825820357,0.058564018069827195,-0.1374914645122085,-0.3449839756815881,-0.15837313959147245,0.18661083609011567,0.45496510152284264
NVDA,2,0.47295918367346934,0.5088076135612529,1.0293437578639546,0.4653638897553512,-0.5639798681086033,-0.3688101675862113,-0.1997793769940803,0.16903079059213102,0.5615085659898478
QQQ,2,0.5168539325842696,0.5795392853617609,0.2606758174856309,0.13045106437265555,-0.13022475311297535,-0.2276831729678462,-0.10950104152531975,0.11818213144252646,0.5654376270325203
SPY,2,0.5229826353421858,0.6310347932214242,0.2018399286770307,0.10550464734574444,-0.09633528133128627,-0.1875522122785742,-0.0900115512513537,0.09754066102722049,0.5887639735772358
TLT,2,0.5081716036772216,0.2921142421401143,-0.0331418064119501,-0.027046079877161552,0.006095726534788551,-0.2244420104612213,-0.10763421395121085,0.11680779651001046,0.26518038617886175
VNQ,2,0.5097037793667007,0.5721823056300268,0.0503611259757443,0.01128286476079905,-0.039078261214945245,-0.2234933153287184,-0.10676060896759204,0.11673270636112636,0.4028518800813008
